State,p_value,critical_value,chi_square_value
AC_mm,1.4006864491815523e-255,33.92,1272.58
AM_mm,1.1261843447123882e-156,33.92,808.04
AP_mm,6.738292660037513e-104,33.92,557.6
MA_mm,0.0,33.92,1602.02
MT_mm,0.0,33.92,212654.43
PA_mm,0.0,33.92,1797.93
RR_mm,0.0,33.92,9228.21
TO_mm,5.209006625713198e-171,33.92,875.66
Total_Rain_mm,0.0,33.92,1850.04
