State,p_value,critical_value,chi_square_value
AC_mm,1.4676450419586436e-147,33.92,764.97
AM_mm,5.491375985141432e-106,33.92,567.57
AP_mm,3.273596461973296e-98,33.92,530.41
MA_mm,2.1055555232279295e-174,33.92,891.65
MT_mm,0.0,33.92,1557.77
PA_mm,1.0683457161689752e-80,33.92,446.32
RR_mm,8.573224546314987e-298,33.92,1469.86
TO_mm,1.2445417913397177e-99,33.92,537.21
Total_Rain_mm,6.050071699922589e-47,33.92,281.74
